,config,num_trains,num_expansions,makespan,makespan_pp,search_time,Unnamed: 0.7,Unnamed: 0.6,Unnamed: 0.5,Unnamed: 0.4,Unnamed: 0.3,Unnamed: 0.2,Unnamed: 0.1,Unnamed: 0
0,13.0,3.0,3420.0,126.0,124.0,290.0,,,,,,,,
1,13.0,5.0,1127.0,297.0,230.0,281.0,,,,,,,,
2,8.0,3.0,58378.0,111.0,111.0,290.0,0.0,,,,,,,
3,8.0,4.0,22699.0,186.0,164.0,291.0,1.0,,,,,,,
4,8.0,5.0,11448.0,233.0,205.0,290.0,2.0,,,,,,,
5,9.0,3.0,59261.0,98.0,89.0,290.0,3.0,,,,,,,
6,9.0,4.0,28994.0,170.0,158.0,290.0,4.0,,,,,,,
7,9.0,5.0,17218.0,233.0,196.0,290.0,5.0,,,,,,,
8,9.0,6.0,9011.0,338.0,288.0,240.0,6.0,,,,,,,
9,9.0,7.0,11735.0,399.0,300.0,290.0,7.0,,,,,,,
10,9.0,10.0,4213.0,629.0,525.0,290.0,8.0,,,,,,,
11,10.0,3.0,54221.0,121.0,105.0,300.0,9.0,,,,,,,
12,10.0,4.0,27353.0,169.0,139.0,300.0,10.0,,,,,,,
13,10.0,5.0,14703.0,257.0,175.0,290.0,11.0,,,,,,,
14,10.0,6.0,9263.0,321.0,260.0,290.0,12.0,,,,,,,
15,11.0,3.0,18270.0,111.0,98.0,290.0,13.0,,,,,,,
16,11.0,5.0,5897.0,265.0,180.0,290.0,14.0,,,,,,,
17,11.0,6.0,3165.0,342.0,215.0,290.0,15.0,,,,,,,
18,11.0,7.0,2434.0,442.0,266.0,290.0,16.0,,,,,,,
19,11.0,8.0,1890.0,535.0,374.0,290.0,17.0,,,,,,,
20,11.0,9.0,1671.0,568.0,359.0,290.0,18.0,,,,,,,
21,12.0,6.0,9596.0,394.0,258.0,290.0,19.0,,,,,,,
22,12.0,7.0,5688.0,475.0,269.0,290.0,20.0,,,,,,,
23,12.0,8.0,4802.0,472.0,316.0,291.0,21.0,,,,,,,
24,12.0,9.0,3986.0,649.0,395.0,290.0,22.0,,,,,,,
25,7.0,3.0,25539.0,96.0,102.0,300.0,23.0,10.0,0.0,0.0,,,,
26,7.0,4.0,11503.0,130.0,138.0,290.0,24.0,11.0,1.0,1.0,,,,
27,7.0,5.0,7468.0,171.0,142.0,290.0,25.0,12.0,2.0,2.0,,,,
28,7.0,6.0,5697.0,261.0,182.0,290.0,26.0,13.0,3.0,3.0,,,,
29,7.0,7.0,3901.0,378.0,267.0,290.0,27.0,14.0,4.0,4.0,,,,
30,7.0,8.0,3043.0,546.0,340.0,291.0,28.0,15.0,5.0,5.0,,,,
31,6.0,3.0,28322.0,84.0,92.0,290.0,29.0,16.0,6.0,6.0,0.0,,,
32,6.0,4.0,11109.0,156.0,116.0,290.0,30.0,17.0,7.0,7.0,1.0,,,
33,6.0,5.0,8568.0,171.0,151.0,290.0,31.0,18.0,8.0,8.0,2.0,,,
34,6.0,7.0,3821.0,284.0,239.0,290.0,32.0,19.0,9.0,9.0,3.0,,,
35,6.0,8.0,3325.0,414.0,290.0,290.0,33.0,20.0,10.0,10.0,4.0,,,
36,6.0,9.0,2340.0,513.0,368.0,290.0,34.0,21.0,11.0,11.0,5.0,,,
37,5.0,3.0,4073.0,135.0,118.0,10.0,35.0,22.0,12.0,12.0,6.0,0.0,,
38,5.0,4.0,-1.0,150.0,107.0,-1.0,36.0,23.0,13.0,13.0,7.0,1.0,,
39,5.0,5.0,-1.0,310.0,266.0,-1.0,37.0,24.0,14.0,14.0,8.0,2.0,,
40,1.0,3.0,182865.0,85.0,82.0,300.0,38.0,25.0,15.0,15.0,9.0,6.0,0.0,
41,1.0,4.0,56517.0,145.0,148.0,300.0,39.0,26.0,16.0,16.0,10.0,7.0,1.0,
42,1.0,5.0,25803.0,205.0,162.0,290.0,40.0,27.0,17.0,17.0,11.0,8.0,2.0,
43,1.0,6.0,435.0,310.0,222.0,10.0,41.0,28.0,18.0,18.0,12.0,9.0,3.0,
44,2.0,3.0,116072.0,90.0,173.0,300.0,42.0,29.0,19.0,19.0,13.0,10.0,4.0,
45,2.0,4.0,44207.0,145.0,231.0,290.0,43.0,30.0,20.0,20.0,14.0,11.0,5.0,
46,2.0,5.0,20694.0,195.0,426.0,290.0,44.0,31.0,21.0,21.0,15.0,12.0,6.0,
47,3.0,3.0,138013.0,85.0,87.0,260.0,45.0,32.0,22.0,22.0,16.0,13.0,7.0,
48,3.0,4.0,54412.0,160.0,141.0,300.0,46.0,33.0,23.0,23.0,17.0,14.0,8.0,
49,3.0,5.0,22512.0,195.0,214.0,300.0,47.0,34.0,24.0,24.0,18.0,15.0,9.0,
50,3.0,6.0,19877.0,315.0,283.0,290.0,48.0,35.0,25.0,25.0,19.0,16.0,10.0,
51,3.0,7.0,9192.0,305.0,268.0,290.0,49.0,36.0,26.0,26.0,20.0,17.0,11.0,
52,3.0,8.0,8644.0,395.0,385.0,290.0,50.0,37.0,27.0,27.0,21.0,18.0,12.0,
53,3.0,9.0,6483.0,455.0,356.0,290.0,51.0,38.0,28.0,28.0,22.0,19.0,13.0,
54,4.0,3.0,149090.0,105.0,98.0,300.0,52.0,39.0,29.0,29.0,23.0,20.0,14.0,
55,4.0,4.0,53399.0,125.0,134.0,300.0,53.0,40.0,30.0,30.0,24.0,21.0,15.0,
56,4.0,5.0,10699.0,190.0,139.0,90.0,54.0,41.0,31.0,31.0,25.0,22.0,16.0,
57,4.0,6.0,17294.0,265.0,269.0,290.0,55.0,42.0,32.0,32.0,26.0,23.0,17.0,
58,4.0,7.0,15022.0,400.0,336.0,290.0,56.0,43.0,33.0,33.0,27.0,24.0,18.0,
59,4.0,8.0,6660.0,460.0,424.0,290.0,57.0,44.0,34.0,34.0,28.0,25.0,19.0,
60,4.0,9.0,5470.0,570.0,516.0,290.0,58.0,45.0,35.0,35.0,29.0,26.0,20.0,
